{"_step":9,"_wandb":{"runtime":233},"acc":92.12,"loss":0.02274586159507959,"_timestamp":1.730762392494447e+09,"_runtime":107.076951338}
